 [
    {
        "item_id": 26,
        "name": "item 1",
        "description": "item20 description",
        "quantity": 20,
        "price": 100,
        "image": "http://127.0.0.1:8000/images/items/item1.svg",
        "is_available": 1,
        "is_visible": 1,
        "category_or_sub_category": 1,
        "category_name": "Category 1, Category 1",
        "sub_category_name": "sub-category  1, Sub-Category 2"
    },
    {
        "item_id": 30,
        "name": "item -2",
        "description": "item-16 description",
        "quantity": 20,
        "price": 500,
        "image": "http://127.0.0.1:8000/images/items/item2.svg",
        "is_available": 1,
        "is_visible": 1,
        "category_or_sub_category": 1,
        "category_name": "Category 1, Category 1",
        "sub_category_name": "sub-category  1, Sub-Category 2"
    },
    {
        "item_id": 31,
        "name": "item 3",
        "description": "item20 description",
        "quantity": 20,
        "price": 1000,
        "image": "http://127.0.0.1:8000/images/items/1725273414891486.png",
        "is_available": 1,
        "is_visible": 1,
        "category_or_sub_category": 0,
        "category_name": "Category 1"
    },
    {
        "item_id": 32,
        "name": "item 4",
        "description": "item20 description",
        "quantity": 20,
        "price": 1500,
        "image": "http://127.0.0.1:8000/images/items/1725273430275972.png",
        "is_available": 1,
        "is_visible": 1,
        "category_or_sub_category": 1,
        "category_name": "Category 1",
        "sub_category_name": "Sub-Category 2"
    },
    {
        "item_id": 33,
        "name": "item 5",
        "description": "item20 description",
        "quantity": 20,
        "price": 1500,
        "image": "http://127.0.0.1:8000/images/items/1725273430275972.png",
        "is_available": 1,
        "is_visible": 1,
        "category_or_sub_category": 1,
        "category_name": "Category 1",
        "sub_category_name": "Sub-Category 2"
    },
    {
        "item_id": 34,
        "name": "item 6",
        "description": "item20 description",
        "quantity": 20,
        "price": 1500,
        "image": "http://127.0.0.1:8000/images/items/1725273430275972.png",
        "is_available": 1,
        "is_visible": 1,
        "category_or_sub_category": 1,
        "category_name": "Category 1",
        "sub_category_name": "Sub-Category 2"
    },
    {
        "item_id": 35,
        "name": "item 7",
        "description": "item20 description",
        "quantity": 20,
        "price": 1500,
        "image": "http://127.0.0.1:8000/images/items/1725273430275972.png",
        "is_available": 1,
        "is_visible": 1,
        "category_or_sub_category": 1,
        "category_name": "Category 1",
        "sub_category_name": "Sub-Category 2"
    },
    {
        "item_id": 36,
        "name": "item 8",
        "description": "item20 description",
        "quantity": 20,
        "price": 1500,
        "image": "http://127.0.0.1:8000/images/items/1725273430275972.png",
        "is_available": 1,
        "is_visible": 1,
        "category_or_sub_category": 1,
        "category_name": "Category 1",
        "sub_category_name": "Sub-Category 2"
    },
    {
        "item_id": 37,
        "name": "item 9",
        "description": "item20 description",
        "quantity": 20,
        "price": 1500,
        "image": "http://127.0.0.1:8000/images/items/1725273430275972.png",
        "is_available": 1,
        "is_visible": 1,
        "category_or_sub_category": 1,
        "category_name": "Category 1",
        "sub_category_name": "Sub-Category 2"
    }
]
