[
    {
        "userId": 1,
        "id": 1,
        "title": "Male",
        "completed": false
    },
    {
        "userId": 2,
        "id": 2,
        "title": "Female",
        "completed": false
    },{
        "userId": 3,
        "id": 3,
        "title": "child",
        "completed": false
    },{
        "userId": 4,
        "id": 4,
        "title": "child",
        "completed": false
    },{
        "userId": 5,
        "id": 5,
        "title": "Female",
        "completed": false
    },{
        "userId": 6,
        "id": 6,
        "title": "Female",
        "completed": false
    },
    {
        "userId": 7,
        "id": 7,
        "title": "Male",
        "completed": false
    },{
        "userId": 8,
        "id": 8,
        "title": "Male",
        "completed": false
    },{
        "userId": 9,
        "id": 9,
        "title": "Male",
        "completed": false
    },{
        "userId": 10,
        "id": 10,
        "title": "Male",
        "completed": false
    }
    ,{
        "userId": 11,
        "id": 11,
        "title": "Male",
        "completed": false
    },
    {
        "userId": 12,
        "id": 12,
        "title": "Female",
        "completed": false
    },{
        "userId": 13,
        "id": 13,
        "title": "child",
        "completed": false
    },{
        "userId": 14,
        "id": 14,
        "title": "child",
        "completed": false
    },{
        "userId": 15,
        "id": 15,
        "title": "Female",
        "completed": false
    },{
        "userId": 16,
        "id": 16,
        "title": "Female",
        "completed": false
    },
    {
        "userId": 17,
        "id": 17,
        "title": "Male",
        "completed": false
    },{
        "userId": 18,
        "id": 18,
        "title": "Male",
        "completed": false
    },{
        "userId": 19,
        "id": 19,
        "title": "Male",
        "completed": false
    },{
        "userId": 20,
        "id": 20,
        "title": "Male",
        "completed": false
    }
    ,{
        "userId": 21,
        "id": 21,
        "title": "Male",
        "completed": false
    },
    {
        "userId": 22,
        "id": 22,
        "title": "Female",
        "completed": false
    },{
        "userId": 23,
        "id": 23,
        "title": "child",
        "completed": false
    },{
        "userId": 24,
        "id": 24,
        "title": "child",
        "completed": false
    },{
        "userId": 25,
        "id": 25,
        "title": "Female",
        "completed": false
    },{
        "userId": 26,
        "id": 26,
        "title": "Female",
        "completed": false
    },
    {
        "userId": 27,
        "id": 27,
        "title": "Male",
        "completed": false
    },{
        "userId": 28,
        "id": 28,
        "title": "Male",
        "completed": false
    },{
        "userId": 29,
        "id": 29,
        "title": "Male",
        "completed": false
    },{
        "userId": 30,
        "id": 30,
        "title": "Male",
        "completed": false
    }
    ,{
        "userId": 31,
        "id": 31,
        "title": "Male",
        "completed": false
    },
    {
        "userId": 32,
        "id": 32,
        "title": "Female",
        "completed": false
    },{
        "userId": 33,
        "id": 33,
        "title": "child",
        "completed": false
    },{
        "userId": 34,
        "id": 34,
        "title": "child",
        "completed": false
    },{
        "userId": 35,
        "id": 35,
        "title": "Female",
        "completed": false
    },{
        "userId": 36,
        "id": 36,
        "title": "Female",
        "completed": false
    },
    {
        "userId": 37,
        "id": 37,
        "title": "Male",
        "completed": false
    },{
        "userId": 38,
        "id": 38,
        "title": "Male",
        "completed": false
    },{
        "userId": 39,
        "id": 39,
        "title": "Male",
        "completed": false
    },{
        "userId": 40,
        "id": 40,
        "title": "Male",
        "completed": false
    }
]